{
    "0.0": {
        "precision": 0.8588709677419355,
        "recall": 0.902542372881356,
        "f1-score": 0.8801652892561983,
        "support": 236.0
    },
    "1.0": {
        "precision": 0.5740740740740741,
        "recall": 0.4696969696969697,
        "f1-score": 0.5166666666666667,
        "support": 66.0
    },
    "accuracy": 0.8079470198675497,
    "macro avg": {
        "precision": 0.7164725209080047,
        "recall": 0.6861196712891628,
        "f1-score": 0.6984159779614325,
        "support": 302.0
    },
    "weighted avg": {
        "precision": 0.796630587006575,
        "recall": 0.8079470198675497,
        "f1-score": 0.8007251929286847,
        "support": 302.0
    }
}